#,Timestamp,Type,Amount BTC,TX Hash,Status
1,2026-03-06T18:34:00.274Z,DEPOSIT,100000,0x318df6f58cd037c71fa6243fcadb2531593276e9a8d0def746ef8fce5c14a86,SUCCEEDED
2,2026-03-05T11:31:36.234Z,DEPOSIT,100000,0x78db31229386750d1b2b7fcd0ae12d648e5d011b0a93ef9b0c1562db5d3d932,SUCCEEDED
3,2026-03-05T10:44:54.051Z,DEPOSIT,100000,0x42657615995e6bb5125d0f47b19bcd6f79bb4fa683bc6a3b6a3e13a6b7e1487,SUCCEEDED
4,2026-03-04T18:14:22.826Z,DEPOSIT,100000,0x6bf905296d9376e6be2c336c39c4ed255f3b5e29d55f0ccfcd6bff27043209a,SUCCEEDED
5,2026-03-03T15:45:39.526Z,DEPOSIT,100000,0x4494236ed444ed1c202619f87580a43a6a0f7a2c1e463b7de290452d677886e,SUCCEEDED
6,2026-03-02T03:58:43.635Z,DEPOSIT,100000,0x3a0e918ac74f27f5fd93684afa69aa841e5520a69c987ab523884a09f5bec72,SUCCEEDED
7,2026-02-28T21:41:58.587Z,DEPOSIT,100000,0x78d7edd22ff79e21a3cb101753cb3dcb3bfc4197b62e35fa8caf8709158ef5a,SUCCEEDED
8,2026-02-28T21:35:54.400Z,DEPOSIT,100000,0x6c20a98480f533aea7c34e595f5b4731c9bfa7c2a4f4f5bf4a4e2576c700873,SUCCEEDED
9,2026-02-28T19:17:38.625Z,DEPOSIT,100000,0x667b93ba2942becde56e2c3fb3ed89efe42be67758a37da317533e7e017351,SUCCEEDED
10,2026-02-28T16:41:38.934Z,DEPOSIT,100000,0x645ca72e5816c1d52ffd232d232db64538ddbfb02923805b39104c6316141ea,SUCCEEDED
11,2026-02-28T15:54:27.015Z,DEPOSIT,100000,0x2863934d2ce0cc9dc71ad1f8b21972454ffa77a9d5000d87c122d991a6c7a80,SUCCEEDED
12,2026-02-28T14:38:04.773Z,DEPOSIT,100000,0x6286233f5f16b7eb2a788f85877ee2aeafac82d6f6fa2a8dcc3705c8239b70a,SUCCEEDED
13,2026-02-25T07:34:11.556Z,DEPOSIT,100000,0x1e78e50244a7146f1fabd65dc7ec6ba333b2c2c2a47ebcf38ce61585f35e819,SUCCEEDED
14,2026-02-25T03:43:09.320Z,DEPOSIT,100000,0x40bcd9bd90aa8659f91cf41978efed712a30d2a4ba51f3912b7dfa956dfebb1,SUCCEEDED
15,2026-02-25T03:20:09.704Z,DEPOSIT,100000,0x3ad3fb49853e344a7701e5e9affc5114a41cc107f9efe46ea069a8b71715b14,SUCCEEDED
16,2026-02-25T03:19:09.667Z,DEPOSIT,100000,0x6197fe0723bc1930d30bdad449b20c66b79fb57d434788c89ebebbea04ea0bc,SUCCEEDED
17,1970-01-21T12:13:09.252Z,DEPOSIT,100000,0x69ec80a2919b97f4454b0ff2715730eec173017c461105e6280a9a58f3ff29b,SUCCEEDED
18,1970-01-21T12:13:09.204Z,DEPOSIT,100000,0x1ef02745b5248330c1697d85c4688753e706431001ab2c19d92ccbdba42d0ae,SUCCEEDED