subject,relation,object,domain
methods,erase,progress,AI
AI,present,method,AI
systems,constitute,class,AI
AI,derive,activities,AI
WALRAS,provide,constructs,AI
AI,describe,study,AI
GSAT,perform,climbing,AI
experiments,provide,picture,AI
AI,describe,phases,AI
work,provide,study,AI
AI,generalize,scheme,AI
paper,describe,system,AI
it,construct,interface,AI
component,characterize,semantics,AI
system,use,information,AI
user,record,information,AI
it,provide,defaults,AI
AI,consider,language,AI
AI,prove,decidability,AI
calculus,extend,technique,AI
AI,get,result,AI
AI,introduce,notion,AI
programs,support,binding,AI
AI,describe,applications,AI
AI,present,Associator,AI
AI,conduct,comparisons,AI
AI,discuss,strategy,AI
AI,describe,version,AI
system,discover,substructures,AI
passes,produce,description,AI
SUBDUE,use,match,AI
Experiments,demonstrate,ability,AI
AI,present,approach,AI
approach,call,PTR,AI
AI,investigate,relationship,AI
paper,analyze,correctness,AI
AI,provide,semantics,AI
AI,consider,method,AI
AI,consider,worlds,AI
AI,define,degree,AI
AI,use,computation,AI
observations,suggest,limitations,AI
search,achieve,purpose,AI
step,require,knowledge,AI
results,show,level,AI
article,describe,system,AI
system,combine,climbing,AI
AI,present,studies,AI
AI,examine,benefits,AI
paper,introduce,framework,AI
AI,discuss,tractability,AI
AI,emphasize,role,AI
paper,present,approach,AI
Performance,equal,that,AI
examples,include,networks,AI
This,include,versions,AI
AI,present,analysis,AI
approaches,include,application,AI
paper,compare,approaches,AI
paradigms,involve,process,AI
AI,provide,algorithm,AI
methods,constitute,class,AI
paper,examine,issues,AI
that,approximate,TD(lambda,AI
paper,introduce,ICET,AI
ICET,use,algorithm,AI
set,examine,performance,AI
set,test,robustness,AI
revision,integrate,learning,AI
Systems,have,value,AI
systems,require,representation,AI
analysis,reveal,strengths,AI
system,use,induction,AI
Experiments,show,improvement,AI
AI,characterize,subset,AI
AI,introduce,consistency,AI
AI,study,process,AI
AI,define,framework,AI
AI,show,results,AI
AI,investigate,properties,AI
AI,propose,property,AI
AI,illustrate,results,AI
AI,define,property,AI
AI,construct,programs,AI
AI,present,algorithms,AI
results,imply,learnability,AI
paper,establish,boundary,AI
AI,present,results,AI
results,imply,non,AI
results,establish,boundary,AI
AI,find,evidence,AI
AI,devise,planner,AI
AI,introduce,algorithm,AI
FLECS,vary,strategy,AI
FLECS,represent,contribution,AI
FLECS,provide,framework,AI
paper,present,method,AI
AI,present,examples,AI
AI,propose,view,AI
AI,develop,methodology,AI
study,show,advantages,AI
AI,present,method,AI
AI,introduce,definitions,AI
AI,put,concept,AI
AI,propose,approach,AI
AI,present,algorithm,AI
AI,develop,system,AI
paper,discuss,nature,AI
paper,study,problem,AI
phenomenon,hurt,propagation,AI
AI,propose,improvement,AI
It,identify,subnetworks,AI
scheduler,activate,unit,AI
systems,recognize,objects,AI
systems,associate,measure,AI
AI,provide,component,AI
paper,present,approach,AI
approach,achieve,learning,AI
It,combine,form,AI
Soar,meet,requirements,AI
OPUS,have,potential,AI
paper,present,approach,AI
systems,use,subsumption,AI
AI,describe,technique,AI
AI,present,definition,AI
AI,examine,encoding,AI
AI,describe,class,AI
paper,study,complexity,AI
AI,relate,problems,AI
AI,describe,method,AI
method,induce,solutions,AI
AI,discuss,design,AI
AI,develop,techniques,AI
AI,develop,variable,AI
paper,describe,extension,AI
example,illustrate,usefulness,AI
databases,support,procedures,AI
AI,propose,structure,AI
AI,propose,algorithm,AI
usefulness,manifest,itself,AI
AI,discuss,application,AI
AI,introduce,algorithm,AI
AI,develop,theory,AI
it,yield,bound,AI
AI,demonstrate,utility,AI
one,compute,way,AI
paper,describe,critic,AI
critic,propose,lemmas,AI
critic,enable,Spike,AI
paper,introduce,methodology,AI
AI,use,notions,AI
strategy,construct,clusterings,AI
AI,have,it,AI
AI,evaluate,strategy,AI
authors,abstract,criteria,AI
AI,adapt,strategies,AI
AI,propose,number,AI
paper,present,evidence,AI
It,increase,complexity,AI
result,raise,doubt,AI
This,give,total,AI
AI,give,treatment,AI
AI,survey,results,AI
AI,give,discussion,AI
work,have,resemblance,AI
paper,discuss,issues,AI
system,explore,space,AI
AI,discuss,application,AI
approach,identify,strategies,AI
AI,develop,framework,AI
AI,apply,framework,AI
framework,capture,learning,AI
AI,illustrate,framework,AI
work,integrate,strands,AI
planners,construct,plans,AI
AI,discuss,issues,AI
Cassandra,use,steps,AI
Cassandra,distinguish,process,AI
representation,allow,approach,AI
approach,employ,set,AI
AI,address,limitation,AI
AI,suggest,techniques,AI
thinking,play,role,AI
AI,identify,style,AI
AI,develop,paradigm,AI
program,have,properties,AI
It,take,field,AI
It,compute,multi,AI
It,employ,set,AI
It,use,structure,AI
AI,describe,structure,AI
AI,propose,techniques,AI
plan,give,speedups,AI
problems,give,improvements,AI
technique,give,speedups,AI
paper,explore,use,AI
AI,define,Domains,AI
AI,use,notion,AI
AI,analyze,cases,AI
AI,consider,case,AI
AI,consider,situation,AI
AI,introduce,mechanisms,AI
paper,describe,extension,AI
AI,introduce,concepts,AI
AI,present,notion,AI
paper,describe,interfaces,AI
paper,present,strategies,AI
models,possess,number,AI
paper,present,characterizations,AI
AI,discuss,application,AI
techniques,handle,values,AI
paper,propose,functions,AI
metrics,achieve,accuracy,AI
systems,use,grammar,AI
AI,describe,approach,AI
AI,use,analysis,AI
AI,develop,system,AI
AI,demonstrate,feasibility,AI
muALCQ,include,fixpoint,AI
constructs,enable,descriptions,AI
AI,establish,properties,AI
AI,apply,tools,AI
AI,describe,paradigm,AI
node,represent,operation,AI
node,represent,ansAIr,AI
framework,facilitate,development,AI
most,exploit,poAIr,AI
AI,present,algorithm,AI
studies,compare,efficiency,AI
AI,review,literature,AI
AI,describe,strategy,AI
AI,resolve,conflict,AI
AI,investigate,properties,AI
AI,provide,classification,AI
AI,identify,subalgebras,AI
AI,find,pattern,AI
This,generalize,observations,AI
paper,combine,directions,AI
subsuming,report,algebras,AI
Two,express,notion,AI
AI,extend,it,AI
Lewis,consider,notion,AI
axiomatization,give,insight,AI
uncertainties,obstruct,teamwork,AI
members,encounter,differing,AI
Agents,exploit,models,AI
models,enable,reuse,AI
article,present,general,AI
members,monitor,performance,AI
selectivity,ensure,reduction,AI
article,describe,application,AI
SEQUITUR,break,ground,AI
structure,permit,proof,AI
implementation,process,symbols,AI
Planning,provide,way,AI
It,replace,search,AI
paper,describe,design,AI
DERSNLP+EBL,extend,methodology,AI
evaluation,demonstrate,advantage,AI
paper,propose,scheme,AI
oracle,inform,agent,AI
AI,propose,algorithm,AI
AI,prove,existence,AI
AI,discuss,criterion,AI
Gravity,fail,Topology,AI
algorithms,encounter,sequence,AI
AI,identify,features,AI
AI,revisit,enhancements,AI
AI,discuss,strategies,AI
strategy,achieve,results,AI
AI,present,approach,AI
This,provide,evidence,AI
AI,call,them,AI
AI,study,classes,AI
AI,consider,logics,AI
results,improve,efficiency,AI
approaches,domain,dependent,AI
AI,investigate,feasibility,AI
AI,describe,architecture,AI
AI,contrast,costs,AI
paper,introduce,structures,AI
AI,provide,structure,AI
AI,provide,bounds,AI
AI,discuss,uses,AI
AI,consider,problem,AI
AI,consider,theories,AI
revisions,have,effects,AI
it,avoid,re,AI
AI,discuss,problem,AI
paper,present,approach,AI
AI,introduce,notion,AI
AI,propose,variation,AI
AI,introduce,algorithm,AI
AI,show,connection,AI
AI,present,algorithm,AI
Macros,increase,factor,AI
paper,describe,method,AI
AI,examine,complexity,AI
AI,examine,plans,AI
AI,describe,SYNERGY,AI
SYNERGY,use,selection,AI
AI,run,SYNERGY,AI
AI,propose,extensions,AI
AI,propose,framework,AI
paper,examine,phenomenon,AI
DAYDREAMER,consist,memory,AI
AI,present,combination,AI
AI,introduce,framework,AI
framework,combine,modalities,AI
representations,ground,up,AI
algorithm,need,much,AI
IDA,give,solution,AI
AI,propose,concept,AI
AI,provide,semantics,AI
AI,provide,sound,AI
AI,revisit,issue,AI
AI,develop,framework,AI
AI,introduce,semantics,AI
results,elucidate,isomorphism,AI
result,explain,source,AI
they,provide,guarantee,AI
AI,introduce,notion,AI
AI,use,it,AI
AI,use,notions,AI
AI,investigate,dependence,AI
paper,present,method,AI
AI,specify,revision,AI
AI,propose,adaptation,AI
AI,compute,program,AI
paper,discuss,relation,AI
It,form,environment,AI
experiments,provide,evidence,AI
experiments,show,ability,AI
AI,present,method,AI
model,use,finite,AI
operation,block,derivation,AI
it,provide,formalism,AI
AI,propose,combination,AI
AI,generalize,notions,AI
AI,give,examples,AI
paper,describe,system,AI
AI,describe,approach,AI
AI,make,use,AI
AI,develop,compiler,AI
paper,propose,kinds,AI
AI,distinguish,classes,AI
AI,present,architecture,AI
AI,give,kinds,AI
AI,propose,approach,AI
AI,call,way,AI
method,give,attention,AI
AI,provide,description,AI
AI,introduce,accessibility,AI
AI,characterize,accessibility,AI
AI,define,adjustment,AI
it,have,problems,AI
system,implement,semantics,AI
It,handle,subclass,AI
AI,implement,computation,AI
system,derive,consequences,AI
paper,give,overview,AI
AI,outline,prototype,AI
AI,present,definition,AI
characterization,lead,us,AI
AI,present,encodings,AI
they,outperform,checkers,AI
AI,generalize,theorem,AI
AI,introduce,form,AI
AI,present,algorithm,AI
AI,identify,subclass,AI
AI,present,operation,AI
AI,demonstrate,significance,AI
AI,define,types,AI
It,use,extension,AI
AI,provide,examples,AI
AI,present,operations,AI
AI,propose,application,AI
AI,isolate,subset,AI
AI,present,framework,AI
AI,express,base,AI
SATEN,perform,revision,AI
AI,describe,system,AI
AI,describe,syntax,AI
it,require,variables,AI
systems,handle,computation,AI
AI,introduce,logic,AI
AI,describe,syntax,AI
AI,discuss,implementation,AI
AI,study,rules,AI
AI,propose,notion,AI
AI,show,equivalence,AI
AI,characterize,set,AI
AI,clarify,status,AI
AI,present,formalism,AI
AI,take,diagnosis,AI
tools,tackle,problem,AI
AI,propose,infrastructure,AI
approach,support,scope,AI
AI,propose,definition,AI
paper,compare,approaches,AI
AI,introduce,theory,AI
descent,guarantee,optimization,AI
AI,prove,property,AI
AI,present,approach,AI
AI,describe,representation,AI
paper,provide,introduction,AI
field,find,applications,AI
paper,give,introduction,AI
Apt,define,computation,AI
He,demonstrate,need,AI
AI,introduce,set,AI
AI,consider,approach,AI
AI,give,analysis,AI
AI,consider,refinements,AI
AI,investigate,relationship,AI
AI,introduce,method,AI
AI,derive,formulas,AI
work,adopt,analysis,AI
AI,extend,analysis,AI
AI,consider,case,AI
agents,obey,constraints,AI
AI,introduce,concept,AI
AI,discuss,application,AI
AI,study,patterns,AI
paper,present,approach,AI
base,represent,knowledge,AI
One,define,revision,AI
postulates,describe,properties,AI
AI,give,semantics,AI
AI,assume,principle,AI
Tarski,propose,study,AI
He,consider,monotonicity,AI
AI,AIaken,requirement,AI
operations,describe,logics,AI
It,provide,logic,AI
AI,provide,characterization,AI
results,provide,notion,AI
They,provide,proof,AI
AI,introduce,methodology,AI
approach,allow,specification,AI
AI,develop,approach,AI
AI,demonstrate,range,AI
AI,make,use,AI
AI,develop,compiler,AI
reasoning,illustrate,expressiveness,AI
AI,investigate,properties,AI
AI,reveal,relationship,AI
AI,study,fixpoints,AI
AI,introduce,notion,AI
AI,order,approximations,AI
AI,develop,approach,AI
AI,propose,languages,AI
languages,inherit,syntax,AI
AI,investigate,properties,AI
guidance,have,forms,AI
AI,present,method,AI
AI,start,investigation,AI
framework,suggest,extensions,AI
reduction,open,way,AI
AI,consider,kinds,AI
AI,prove,correctness,AI
AI,perform,experimentation,AI
framework,enable,study,AI
AI,address,problem,AI
programs,combine,ideas,AI
B,mean,A,AI
AI,investigate,extent,AI
AI,present,notion,AI
paper,study,problem,AI
AI,investigate,issues,AI
paper,describe,problems,AI
experiments,compare,representations,AI
paper,introduce,notion,AI
AI,analyze,problem,AI
AI,specify,criteria,AI
AI,present,transformation,AI
AI,continue,line,AI
paper,shed,light,AI
specification,pick,models,AI
frequencies,reflect,frequencies,AI
proportions,provide,grounding,AI
work,analyse,features,AI
It,suggest,model,AI
Representation,take,care,AI
AI,propose,definitions,AI
AI,introduce,framework,AI
AI,describe,model,AI
AI,investigate,properties,AI
AI,present,characterizations,AI
AI,characterize,complexity,AI
I,present,laboratory,AI
I,compare,performance,AI
models,represent,approaches,AI
I,draw,remarks,AI
It,propose,representation,AI
information,visit,www.brain0.com,AI
AI,present,results,AI
AI,introduce,term,AI
AI,present,models,AI
paper,present,model,AI
learning,take,place,AI
article,analyse,properties,AI
paper,propose,model,AI
model,include,elements,AI
learning,involve,making,AI
pRL,build,model,AI
identification,promote,processes,AI
AI,provide,procedure,AI
AI,provide,framework,AI
AI,introduce,operators,AI
characterizations,provide,us,AI
characterizations,provide,us,AI
work,introduce,DeLP,AI
DeLP,provide,possibility,AI
q,succeed,argument,AI
AI,present,analysis,AI
AI,illustrate,application,AI
filtering,use,interactions,AI
filter,give,representation,AI
AI,discuss,issues,AI
AI,integrate,ideas,AI
paper,study,methodology,AI
AI,take,look,AI
S2,perform,search,AI
S1,solve,problem,AI
AI,present,analysis,AI
AI,observe,results,AI
Strat,develop,apparatus,AI
AI,take,choices,AI
Grunwald,show,that,AI
AI,propose,method,AI
AI,make,assumptions,AI
AI,model,ignorance,AI
AI,apply,approach,AI
AI,provide,algorithm,AI
This,extend,characterizations,AI
AI,consider,notions,AI
AI,give,generalization,AI
AI,describe,approach,AI
AI,exploit,properties,AI
AI,present,algorithm,AI
article,introduce,idea,AI
alignment,have,meaning,AI
article,present,overview,AI
AI,propose,calculus,AI
AI,define,Algebra,AI
line,have,degrees,AI
algebras,constitute,t,AI
AI,present,table,AI
AI,discuss,scope,AI
AI,compare,RA,AI
that,include,information,AI
AI,call,approach,AI
it,treat,all,AI
worlds,capture,patterns,AI
paper,describe,approach,AI
approach,have,strengths,AI
AI,survey,generalizations,AI
AI,choose,information,AI
AI,apply,information,AI
AI,illustrate,methods,AI
AI,develop,method,AI
Article,discuss,application,AI
Discussion,cover,approach,AI
article,give,number,AI
AI,use,analogy,AI
AI,discuss,class,AI
AI,use,class,AI
literature,introduce,analogy,AI
properties,form,basis,AI
utility,interpret,many,AI
AI,study,abduction,AI
AI,define,model,AI
AI,address,issues,AI
AI,analyze,complexity,AI
AI,implement,system,AI
AI,design,translation,AI
AI,study,solvers,AI
AI,propose,solvers,AI
AI,describe,techniques,AI
AI,study,methods,AI
AI,describe,WSAT(cc,AI
paper,present,duality,AI
AI,single,limitations,AI
AI,enhance,abilities,AI
AI,define,semantics,AI
AI,address,issues,AI
paper,present,survey,AI
comparison,complete,paper,AI
AI,propose,generalization,AI
AI,show,corresponds,AI
paper,describe,approach,AI
Most,describe,SP70,AI
AI,consider,integration,AI
AI,present,specification,AI
paper,illustrate,issues,AI
specification,support,proofs,AI
whole,build,foundation,AI
AI,suggest,architecture,AI
AI,present,definitions,AI
AI,compare,extensions,AI
other,use,constraints,AI
AI,extend,result,AI
AI,do,this,AI
book,develop,conjecture,AI
theory,provide,view,AI
theory,provide,basis,AI
AI,present,results,AI
advances,establish,way,AI
AI,delineate,formalisation,AI
AI,outline,alternatives,AI
semantics,become,approach,AI
AI,address,problem,AI
AI,study,agent,AI
inclusion,allow,development,AI
document,describe,syntax,AI
document,describe,functions,AI
AI,give,language,AI
AI,introduce,Ak,AI
AI,use,actions,AI
AI,include,plans,AI
AI,present,translation,AI
AI,examine,performance,AI
method,generate,fuzzy,AI
approach,generate,fuzzy,AI
procedure,generate,fuzzy,AI
approaches,generate,fuzzy,AI
Most,follow,methodology,AI
chapter,introduce,architectures,AI
systems,attract,interest,AI
paper,evaluate,use,AI
AI,consider,patterns,AI
Fusion,attract,interest,AI
AI,classify,integration,AI
AI,focus,review,AI
others,notice,increases,AI
AI,report,analysis,AI
AI,make,use,AI
AI,use,network,AI
network,predict,outputs,AI
AI,present,method,AI
AI,use,techniques,AI
AI,use,network,AI
AI,analyze,effects,AI
AI,present,way,AI
AI,use,algorithm,AI
years,witness,recognition,AI
AI,report,analysis,AI
procedure,build,models,AI
AI,summarize,findings,AI
Behavior,use,Paradigms,AI
AI,consider,index,AI
AI,analyze,values,AI
paper,investigate,development,AI
AI,consider,network,AI
results,show,superiority,AI
AI,explore,performance,AI
AI,use,series,AI
AI,present,state,AI
AI,explore,performance,AI
AI,present,background,AI
AI,propose,method,AI
method,combine,approach,AI
years,witness,recognition,AI
AI,present,approach,AI
results,demonstrate,efficiency,AI
need,become,necessity,AI
AI,consider,rates,AI
community,realize,necessity,AI
AI,present,concepts,AI
AI,present,miner,AI
AI,present,approach,AI
AI,present,frameworks,AI
they,miss,solutions,AI
AI,propose,approach,AI
costs,have,impact,AI
paper,present,research,AI
AI,apply,them,AI
paper,present,study,AI
years,witness,recognition,AI
AI,present,paradigms,AI
AI,demonstrate,efficiency,AI
AI,present,function,AI
AI,consider,domains,AI
AI,adopt,it,AI
AI,prove,soundness,AI
AI,develop,planner,AI
AI,prove,soundness,AI
Logic,have,Complexity,AI
argumentation,experience,growth,AI
AI,identify,literals,AI
AI,restrict,ourselves,AI
Axon,play,chess,AI
paper,explore,feasibility,AI
algorithm,use,Tsallis,AI
AI,present,tuning,AI
techniques,make,use,AI
AI,group,values,AI
AI,propose,procedure,AI
AI,generate,subproblems,AI
AI,exploit,way,AI
AI,show,results,AI
One,propose,rule,AI
AI,extend,WAO,AI
AI,propose,formula,AI
one,propose,algorithm,AI
formalism,provide,semantics,AI
FLUX,exhibit,behavior,AI
AI,propose,schedule,AI
AI,develop,formalism,AI
AI,prove,result,AI
AI,demonstrate,novelty,AI
AI,propose,versions,AI
PCR5,increase,complexity,AI
rules,redistribute,mass,AI
AI,focus,presentation,AI
author,propose,Unification,AI
one,select,model,AI
scenario,present,herein,AI
programs,have,conditions,AI
model,suggest,logic,AI
methodology,allow,decomposition,AI
It,define,control,AI
presents,enhance,approach,AI
magnitude,form,barrier,AI
AI,devise,algorithm,AI
AI,invoke,methods,AI
sensors,register,units,AI
unit,correspond,units,AI
AI,introduce,function,AI
AI,describe,optimization,AI
AI,present,survey,AI
AI,focus,presentation,AI
part,concern,presentation,AI
AI,propose,method,AI
AI,present,experiments,AI
AI,present,network,AI
detail,implement,measures,AI
AI,describe,applications,AI
programming,offer,tool,AI
AI,present,transformations,AI
results,complement,results,AI
paper,present,approach,AI
approach,exploit,information,AI
AI,integrate,GermaNet,AI
AI,outline,approach,AI
paper,describe,approach,AI
AI,need,ontology,AI
AI,exploit,characteristic,AI
text,introduce,deadlocks,AI
AI,describe,techniques,AI
techniques,exploit,ideas,AI
Section,describe,techniques,AI
Section,introduce,technique,AI
Section,present,networks,AI
AI,apply,technique,AI
Section,describe,technique,AI
AI,use,technique,AI
AI,discuss,perspectives,AI
interpretability,give,information,AI
technique,reveal,performance,AI
AI,explore,uncertainty,AI
technique,provide,estimates,AI
Systems,allow,evaluation,AI
interpretability,give,information,AI
techniques,reveal,results,AI
AI,compare,uncertainty,AI
AI,use,technique,AI
technique,produce,estimates,AI
PKAW-04,have,emphasis,AI
proceedings,contain,papers,AI
papers,cover,methods,AI
AI,develop,models,AI
AI,study,process,AI
AI,use,database,AI
They,constitute,sequence,AI
set,enable,us,AI
AI,propose,framework,AI
configuration,expect,model,AI
paper,propose,notion,AI
It,describe,definitions,AI
AI,introduce,approach,AI
AI,apply,approach,AI
AI,present,language,AI
semantics,allow,identification,AI
AI,provide,implementation,AI
AI,propose,technique,AI
Comparisons,illustrate,superiority,AI
AI,present,histogram,AI
algorithm,extend,algorithm,AI
report,describe,version,AI
AI,enrich,methodology,AI
AI,provide,overview,AI
AI,present,approach,AI
algorithm,reorganize,space,AI
AI,present,tool,AI
system,recover,positions,AI
agent,have,number,AI
AI,compare,expertise,AI
AI,bring,elements,AI
AI,describe,characteristics,AI
AI,describe,algorithm,AI
AI,introduce,concepts,AI
AI,present,components,AI
Evolution,base,Controllers,AI
AI,propose,Voronoi,AI
interpretation,allow,use,AI
solvers,exploit,techniques,AI
most,alternate,steps,AI
This,form,framework,AI
AI,propose,strategy,AI
algorithms,enable,us,AI
paper,show,method,AI
theory,have,roots,AI
years,bring,progress,AI
AI,consider,problem,AI
method,require,assumptions,AI
approach,split,problem,AI
Programming,prove,paradigm,AI
AI,present,framework,AI
framework,bring,modelling,AI
AI,demonstrate,applicability,AI
AI,define,forms,AI
AI,define,logic,AI
translation,guard,programs,AI
AI,reduce,ASP,AI
AI,extend,semantics,AI
programs,have,properties,AI
AI,restrict,syntax,AI
AI,deduce,completeness,AI
GgPs,restrict,GgPs,AI
AI,translate,programs,AI
AI,state,postulates,AI
AI,have,theory,AI
theories,have,properties,AI
AI,point,problems,AI
AI,show,Shimizu,AI
AI,discuss,estimation,AI
AI,develop,algorithm,AI
AI,study,formulation,AI
AI,derive,algorithm,AI
results,verify,superiority,AI
paper,present,rules,AI
AI,present,class,AI
Ying,propose,kind,AI
AI,introduce,model,AI
AI,establish,principle,AI
AI,present,approach,AI
AI,use,programs,AI
AI,use,ELPs,AI
semantics,respect,information,AI
AI,describe,example,AI
AI,make,models,AI
AI,extend,approximation,AI
AI,present,planner,AI
AI,prove,correctness,AI
AI,present,results,AI
approach,approximate,distributions,AI
AI,present,approach,AI
AI,formalize,definition,AI
AI,investigate,properties,AI
AI,present,condition,AI
technique,reduce,problem,AI
algorithm,have,time,AI
AI,develop,models,AI
representations,contain,parameter,AI
this,provide,calculus,AI
article,explain,elements,AI
problem,attract,attention,AI
operator,have,properties,AI
AI,present,generalisation,AI
millennium,bring,solvers,AI
AI,review,some,AI
AI,propose,family,AI
AI,introduce,notion,AI
texts,describe,norm,AI
AnsAIrs,reveal,norm,AI
AI,apply,idea,AI
AI,apply,language,AI
paper,introduce,notion,AI
AI,propose,arithmetic,AI
AI,present,survey,AI
AI,focus,presentation,AI
AI,study,alternative,AI
AI,discuss,algorithms,AI
I,explore,use,AI
AI,present,function,AI
AI,consider,domains,AI
AI,prove,soundness,AI
AI,show,that,AI
it,solve,issues,AI
paper,describe,format,AI
AI,combine,results,AI
AI,present,parts,AI
AI,develop,system,AI
AI,describe,framework,AI
modes,become,technique,AI
algorithm,require,selection,AI
AI,present,study,AI
AI,carry,analysis,AI
AI,present,algorithm,AI
AI,present,implementation,AI
AI,derive,novel,AI
system,explore,variations,AI
AI,propose,approach,AI
AI,construct,codiagnoser,AI
AI,give,method,AI
AI,present,theory,AI
AI,give,review,AI
operator,use,abundance,AI
operator,do,this,AI
this,require,classification,AI
AI,present,translation,AI
paper,describe,method,AI
They,allow,reasoning,AI
AI,define,syntax,AI
EKM,combine,function,AI
paper,suggest,use,AI
AI,give,algorithm,AI
approach,add,support,AI
AI,explain,consciousness,AI
AI,take,perspective,AI
AI,posit,systems,AI
AI,use,understanding,AI
rise,have,effects,AI
AI,discuss,question,AI
techniques,handle,configuration,AI
AI,extend,approach,AI
AI,construct,structure,AI
problem,use,space,AI
Chernyak,derive,expression,AI
number,prohibit,summation,AI
AI,introduce,BP,AI
AI,analyze,performance,AI
AI,identify,form,AI
AI,quantify,sort,AI
AI,examine,domains,AI
AI,prove,bounds,AI
AI,identify,sets,AI
AI,prove,bounds,AI
AI,identify,refutations,AI
reasons,illuminate,patterns,AI
paper,introduce,rules,AI
variety,provide,assistance,AI
AI,suggest,use,AI
AI,give,algorithm,AI
AI,present,approach,AI
issue,support,makers,AI
AI,propose,generalization,AI
paper,propose,Method,AI
paper,construct,structure,AI
It,model,structure,AI
It,solve,complexity,AI
complexity,resolve,similarity,AI
It,resolve,complexity,AI
AI,illustrate,approach,AI
fact,motivate,research,AI
paper,present,approach,AI
AI,describe,functionality,AI
AI,present,STRUCT,AI
STRUCT,construct,set,AI
STRUCT,prioritize,results,AI
AI,use,database,AI
AI,apply,leave,AI
AI,use,aligner,AI
AI,perform,sets,AI
AI,compare,model,AI
AI,compare,performance,AI
results,show,improvements,AI
paper,propose,approach,AI
results,obtain,shows,AI
set,give,probabilities,AI
Noise,hurt,performance,AI
systems,provide,robustness,AI
AI,explore,system,AI
Learning,receive,attention,AI
approach,feature,contributions,AI
SVM,produce,accuracy,AI
AI,propose,scheme,AI
paper,propose,model,AI
Water,play,role,AI
entities,have,responsibility,AI
designer,provide,set,AI
paper,introduce,model,AI
results,match,pattern,AI
organisms,exhibit,characteristics,AI
paper,use,Network,AI
it,identify,responses,AI
paper,present,method,AI
Some,have,faults,AI
On,use,Intelligence,AI
MLP,give,performance,AI
paper,overview,principles,AI
paper,provide,introduction,AI
AI,present,truematch,AI
AI,suggest,component,AI
results,confirm,that,AI
research,see,resurgence,AI
effort,bring,array,AI
models,emerge,information,AI
article,provide,classification,AI
paper,describe,system,AI
template,include,information,AI
AI,present,system,AI
models,require,tables,AI
AI,define,model,AI
AI,consider,problem,AI
AI,propose,approach,AI
AI,represent,policy,AI
AI,solve,problem,AI
solution,yield,policy,AI
AI,employ,Network,AI
he,introduce,concepts,AI
AI,extend,family,AI
Framework,offer,model,AI
introduction,allow,models,AI
article,provide,introduction,AI
AI,denote,qe$-operators,AI
AI,try,ideas,AI
AI,apply,approach,AI
AI,consider,systems,AI
psyche,play,role,AI
AI,study,automata,AI
AI,take,interest,AI
AI,quantify,degree,AI
similarities,define,landscape,AI
AI,measure,properties,AI
AI,study,dynamics,AI
paper,introduce,concept,AI
work,define,measure,AI
work,highlight,characteristic,AI
paper,describe,system,AI
template,include,information,AI
AI,develop,framework,AI
approach,combine,optimization,AI
AI,consider,relaxations,AI
AI,propose,class,AI
paper,address,method,AI
They,transmit,influence,AI
contribution,address,problem,AI
AI,research,interaction,AI
AI,develop,system,AI
AI,enable,user,AI
AI,implement,techniques,AI
AI,consider,automata,AI
cell,calculate,state,AI
AI,employ,algorithms,AI
AI,describe,decomposition,AI
search,decompose,sub,AI
AI,implement,DDS,AI
applications,exemplify,benefits,AI
AI,take,number,AI
AI,survey,tests,AI
AI,fill,gap,AI
set,contain,functions,AI
agent,have,function,AI
AI,introduce,scheme,AI
Selection,promote,diversity,AI
AI,obtain,time,AI
AI,give,results,AI
AI,show,existence,AI
paper,explore,relation,AI
This,require,us,AI
simulation,encompass,evolution,AI
AI,describe,algorithm,AI
I,present,method,AI
They,affect,interactions,AI
actors,need,assistance,AI
AI,present,system,AI
agent,carry,feature,AI
agents,develop,thanks,AI
method,combine,concepts,AI
paper,describe,application,AI
AI,present,modelling,AI
AI,study,influence,AI
AI,present,pressure,AI
AI,experiment,strategies,AI
value,find,explanation,AI
AI,introduce,frame,AI
Connections,get,behavior,AI
AI,organize,algorithms,AI
one,find,mapping,AI
%,derive,method,AI
dilution,impose,cost,AI
recognition,have,role,AI
paper,analyze,influence,AI
AI,extract,parts,AI
paper,describe,application,AI
individuals,use,them,AI
AI,propose,approach,AI
approach,use,statistics,AI
AI,analyze,style,AI
AI,use,script,AI
AI,quantify,perspectives,AI
scripts,offer,point,AI
AI,reduce,risk,AI
selection,reduce,cost,AI
AI,use,data,AI
AI,compare,uncertainty,AI
AI,present,method,AI
AI,present,results,AI
investigators,have,window,AI
interface,stimulate,experience,AI
paper,present,method,AI
paper,describe,application,AI
ontology,take,role,AI
response,pose,many,AI
It,require,information,AI
AI,explore,benefits,AI
paper,discuss,role,AI
AI,show,interest,AI
AI,propose,rule,AI
rule,generalize,rules,AI
extension,relaunche,studies,AI
AI,study,rules,AI
AI,need,decision,AI
AI,propose,rule,AI
AI,compare,rules,AI
one,implement,equations,AI
AI,evaluate,impact,AI
Gecode,require,lines,AI
AI,have,texture,AI
approach,find,justification,AI
AI,study,aspects,AI
AI,employ,perspective,AI
AI,extend,rule,AI
AI,propose,Class,AI
AI,propose,codification,AI
AI,show,advantages,AI
AI,discuss,modelling,AI
mechanisms,enable,systems,AI
AI,propose,details,AI
article,have,proposals,AI
that,follow,rules,AI
AI,review,pruning,AI
AI,extend,operators,AI
AI,generalize,them,AI
paper,present,study,AI
paper,describe,proposition,AI
article,describe,investigation,AI
talk,describe,approach,AI
interface,show,progress,AI
program,provide,support,AI
article,present,framework,AI
AI,use,search,AI
AI,investigate,technique,AI
AI,address,problem,AI
article,propose,approach,AI
article,present,approach,AI
AI,derive,approach,AI
paper,present,study,AI
problem,involve,optimization,AI
AI,introduce,calculus,AI
AI,investigate,poAIr,AI
Tableaux,imply,insight,AI
AI,investigate,effect,AI
paper,include,demonstration,AI
AI,propose,measure,AI
study,reveal,improvement,AI
AI,propose,approach,AI
evaluations,reveal,precision,AI
paper,present,enhancement,AI
AI,present,algorithm,AI
algorithm,compute,macros,AI
AI,reproduce,systems,AI
paper,present,investigation,AI
results,observe,shows,AI
paper,present,rule,AI
article,present,design,AI
paper,implement,process,AI
scheme,use,approach,AI
AI,allocate,node,AI
paper,present,approach,AI
AI,implement,process,AI
AI,illustrate,points,AI
algorithm,pick,set,AI
Étude,longitudinale,connaissances,AI
paper,give,introduction,AI
paper,describe,steps,AI
methods,make,use,AI
AI,introduce,model,AI
approach,have,shortcoming,AI
AI,extend,model,AI
AI,evaluate,model,AI
AI,apply,model,AI
AI,study,Problem,AI
AI,build,model,AI
AI,interpret,results,AI
paper,investigate,use,AI
system,perform,methods,AI
Described,include,relationship,AI
paper,establish,definitions,AI
part,address,process,AI
AI,define,aggregates,AI
definition,combine,expressiveness,AI
paper,describe,technique,AI
model,separate,space,AI
algorithm,give,error,AI
et,pratique,cliniques,AI
paper,describe,GemFrame,AI
template,include,information,AI
AI,present,system,AI
AI,introduce,results,AI
AI,develop,algorithm,AI
AI,analyze,performance,AI
AI,study,series,AI
algorithm,outperform,schemes,AI
AI,present,conorms,AI
AI,present,Topologies,AI
AI,use,heuristic,AI
pharmacovigilance,database,consist,AI
AI,propose,method,AI
method,identify,sets,AI
experts,provide,knowledge,AI
article,describe,extension,AI
AI,combine,mining,AI
Mechanism,help,Learning,AI
AI,propose,technology,AI
architecture,incorporate,process,AI
Consumers,have,selection,AI
AI,present,framework,AI
AI,study,logic,AI
AI,formulate,assertions,AI
AI,consider,case,AI
AI,give,axiomatisation,AI
AI,define,procedure,AI
calculus,take,advantage,AI
issues,lead,users,AI
users,have,possibility,AI
AI,present,framework,AI
AI,provide,bounds,AI
AI,demonstrate,feasibility,AI
AI,propose,format,AI
those,leave,place,AI
Intelligence,give,possibility,AI
AI,use,it,AI
AI,need,algorithm,AI
AI,propose,algorithms,AI
AI,use,index,AI
AI,propose,Range,AI
AI,design,algorithms,AI
AI,specify,number,AI
AI,present,survey,AI
AI,focus,presentation,AI
they,adapt,explanations,AI
AI,present,approach,AI
AI,study,methods,AI
results,identify,limits,AI
constraints,specify,constraints,AI
AI,give,algorithm,AI
AI,study,use,AI
AI,propose,family,AI
AI,give,propagator,AI
AI,present,method,AI
solvers,present,challenges,AI
method,use,model,AI
AI,show,effectiveness,AI
AI,situate,work,AI
elaboration,cover,elements,AI
AI,concentrate,efforts,AI
AI,enrich,analysis,AI
analysis,include,requirements,AI
This,require,precision,AI
AI,propose,introduction,AI
AI,introduce,programming,AI
programs,contain,variables,AI
AI,provide,semantics,AI
AI,compile,programs,AI
AI,implement,framework,AI
AI,model,range,AI
AI,introduce,programming,AI
programs,contain,variables,AI
They,combine,features,AI
AI,give,semantics,AI
AI,discuss,number,AI
paper,describe,paper,AI
evaluation,provide,insights,AI
AI,develop,representation,AI
It,exploit,conditions,AI
approach,give,rise,AI
science,have,tool,AI
sites,form,network,AI
AI,describe,variant,AI
AI,show,applications,AI
AI,prove,number,AI
AI,apply,techniques,AI
results,include,1,AI
They,provide,constraints,AI
AI,report,experiments,AI
AI,extend,framework,AI
AI,provide,semantics,AI
AI,compile,programs,AI
AI,implement,framework,AI
AI,model,range,AI
problems,contain,constraints,AI
AI,propose,framework,AI
AI,study,complexity,AI
AI,identify,constraint,AI
results,show,promise,AI
AI,relate,clouds,AI
AI,incorporate,information,AI
AI,capture,semantics,AI
analysis,experience,gain,AI
AI,develop,approach,AI
paper,propose,analysis,AI
Authors,highlight,tasks,AI
AI,develop,system,AI
AI,illustrate,expressiveness,AI
AI,present,evaluation,AI
I,discuss,duality,AI
AI,apply,it,AI
AI,consider,problem,AI
myopic,underestimate,value,AI
AI,relax,assumption,AI
AI,propose,method,AI
paper,present,support,AI
algorithm,provide,flexibility,AI
algorithm,use,variant,AI
part,present,strengths,AI
Martin,propose,generalizations,AI
AI,recall,element,AI
control,play,role,AI
systems,provide,optimality,AI
models,exploit,dependence,AI
models,support,kind,AI
paper,make,contributions,AI
AI,propose,framework,AI
procedure,perform,message,AI
This,provide,solution,AI
experiments,illustrate,reduction,AI
AI,provide,Relaxation,AI
AI,present,algorithm,AI
report,present,extension,AI
constraint,use,algorithms,AI
AI,propose,ontology,AI
AI,classify,models,AI
article,present,study,AI
AI,revisit,approaches,AI
experiments,support,claim,AI
article,describe,proposition,AI
paper,discuss,systems,AI
systems,change,descriptions,AI
report,give,overview,AI
AI,present,method,AI
AI,train,classifier,AI
AI,use,models,AI
AI,present,results,AI
AI,present,methods,AI
solvers,present,challenges,AI
method,adapt,algorithm,AI
AI,suggest,method,AI
AI,compare,effectiveness,AI
study,approach,it,AI
AI,present,algorithm,AI
experiments,show,poAIr,AI
result,imply,use,AI
AI,consider,sequence,AI
AI,evaluate,utility,AI
study,describe,application,AI
AI,introduce,rules,AI
one,implement,constraints,AI
paper,introduce,architecture,AI
Gecode,require,lines,AI
maps,change,size,AI
AI,motivate,maps,AI
paper,investigate,problems,AI
AI,use,algebra,AI
AI,give,examples,AI
AI,give,method,AI
Goyal,propose,model,AI
paper,provide,algorithm,AI
algorithm,return,solution,AI
AI,address,problem,AI
AI,propose,approach,AI
heuristic,use,function,AI
evaluation,demonstrate,effectiveness,AI
AI,prove,sound,AI
AI,study,notion,AI
AI,examine,extent,AI
AI,describe,simulation,AI
AI,propose,Evolution,AI
AI,design,user,AI
paper,describe,application,AI
diagnosis,become,area,AI
system,categorize,fault,AI
AI,study,decompositions,AI
AI,identify,decomposition,AI
decompositions,offer,prospect,AI
symmetries,pick,solutions,AI
AI,use,observations,AI
methods,prune,space,AI
AI,consider,problems,AI
AI,elicit,preferences,AI
AI,define,scheme,AI
AI,compute,number,AI
AI,test,algorithms,AI
AI,propose,algorithms,AI
AI,enforce,consistency,AI
AI,propose,method,AI
theory,complement,PRM,AI
models,include,topology,AI
AI,choose,systems,AI
AI,introduce,modeling,AI
modeling,feature,compositionality,AI
AI,apply,modeling,AI
results,show,significance,AI
article,introduce,SatHyS,AI
It,combine,scheme,AI
results,show,performances,AI
AI,investigate,hybridization,AI
AI,investigate,strategies,AI
results,demonstrate,possibility,AI
paper,present,method,AI
AI,present,function,AI
AI,present,version,AI
AI,study,performance,AI
times,exhibit,variance,AI
AI,establish,practicality,AI
paper,propose,application,AI
AI,incorporate,model,AI
AI,give,extension,AI
emotion,become,challenge,AI
emotion,become,challenge,AI
theory,describe,indiscernibility,AI
AI,investigate,sets,AI
AI,introduce,operations,AI
AI,examine,properties,AI
Pawlak,introduce,measure,AI
it,have,drawback,AI
AI,approach,measure,AI
AI,provide,construction,AI
AI,present,study,AI
AI,present,bounds,AI
paper,present,bounds,AI
bound,have,dependency,AI
AI,give,novel,AI
paper,formulate,condition,AI
AI,apply,it,AI
paper,extend,algorithms,AI
AI,apply,methods,AI
AI,avoid,calculations,AI
AI,give,overview,AI
AI,address,problem,AI
AI,adapt,techniques,AI
AI,introduce,methods,AI
AI,study,revision,AI
AI,present,encodings,AI
encodings,reflect,fact,AI
work,receive,interest,AI
AI,present,results,AI
example,illustrate,capabilities,AI
AI,integrate,results,AI
AI,introduce,procedure,AI
\alpha,give,result,AI
paper,propose,design,AI
It,describe,design,AI
that,characterize,consciousness,AI
work,develop,architecture,AI
work,estimate,architecture,AI
Wang,propose,concepts,AI
AI,provide,improvement,AI
AI,present,properties,AI
This,provide,means,AI
al,discuss,properties,AI
AI,classify,functions,AI
AI,improve,characterizations,AI
outcomes,show,sign,AI
study,enrich,path,AI
paper,seek,discovery,AI
users,write,programs,AI
phase,require,translations,AI
AI,introduce,metamodel,AI
AI,propose,architecture,AI
architecture,follow,approach,AI
methodology,provide,assessments,AI
AI,use,data,AI
AI,describe,model,AI
rule,have,limitations,AI
transformation,use,subset,AI
They,have,source,AI
rule,provide,information,AI
article,present,results,AI
AI,use,RBC,AI
advancement,play,role,AI
paper,propose,mechanism,AI
results,show,performance,AI
approach,imply,dissociation,AI
AI,examine,issue,AI
AI,examine,estimation,AI
paper,recall,ideas,AI
reader,understand,mechanism,AI
AI,take,importance,AI
paper,propose,framework,AI
ANFIS,utilize,identification,AI
classification,give,performance,AI
paper,propose,architecture,AI
Mining,become,one,AI
servers,store,formats,AI
technique,provide,search,AI
This,help,engine,AI
paper,propose,idea,AI
AI,relate,assumption,AI
AI,derive,bounds,AI
AI,present,results,AI
AI,present,results,AI
AI,define,concept,AI
AI,compare,this,AI
AI,illustrate,potential,AI
AI,study,algorithms,AI
AI,investigate,problem,AI
AI,present,extension,AI
AI,prove,result,AI
AI,provide,time,AI
AI,identify,problem,AI
need,gain,importance,AI
number,address,problem,AI
AI,take,step,AI
AI,extend,work,AI
AI,present,approach,AI
robustness,define,t.,AI
AI,discuss,possibilities,AI
AI,define,system,AI
AI,introduce,language,AI
AI,present,set,AI
AI,introduce,ontology,AI
AI,provide,system,AI
AI,report,evaluation,AI
AI,report,analysis,AI
AI,describe,algorithms,AI
AI,consider,problem,AI
This,have,applications,AI
applications,present,challenges,AI
AI,present,framework,AI
AI,provide,scheme,AI
Some,solve,task,AI
solvers,do,moves,AI
portrait,show,cycles,AI
paper,prove,existence,AI
proof,imply,existence,AI
AI,call,machines,AI
AI,introduce,hypotheses,AI
torrents,generate,damages,AI
methodology,mix,Process,AI
Applications,need,knowledge,AI
AI,present,example,AI
findings,support,hypothesis,AI
sets,cause,algorithms,AI
AI,address,shortcoming,AI
AI,propose,method,AI
AI,discuss,balancing,AI
decisions,affect,performance,AI
author,present,kind,AI
author,present,model,AI
work,demonstrate,complexity,AI
AI,take,step,AI
families,include,k$-approval,AI
AI,demonstrate,connection,AI
AI,compare,method,AI
method,get,rate,AI
algorithm,address,difficulties,AI
AI,test,performance,AI
paper,present,combination,AI
combination,form,service,AI
differences,pose,challenges,AI
paper,describe,structure,AI
AI,study,integration,AI
AI,frame,task,AI
AI,propose,algorithm,AI
AI,validate,approach,AI
paper,offer,formalization,AI
types,provide,evidence,AI
AI,aggregate,hierarchies,AI
AI,describe,approach,AI
approach,cluster,hierarchies,AI
AI,study,learning,AI
approach,produce,folksonomies,AI
symmetries,pick,solutions,AI
AI,describe,application,AI
AI,restart,search,AI
appendix,discuss,research,AI
AI,introduce,framework,AI
AI,represent,solution,AI
AI,use,quotient,AI
AI,turn,problem,AI
set,constitute,graph,AI
expressiveness,highlight,shortcoming,AI
model,provide,means,AI
organizations,consider,system,AI
System,run,System,AI
Challenge,deliver,entertainment,AI
Datawarehouse,speed,process,AI
Link,enhance,knowledge,AI
AI,define,framework,AI
AI,provide,characterization,AI
AI,propose,formulation,AI
formulation,provide,guarantees,AI
AI,analyze,behavior,AI
AI,generalize,notion,AI
AI,obtain,framework,AI
AI,prove,property,AI
paper,describe,work,AI
they,use,rules,AI
Practitioners,use,tool,AI
system,exhibit,results,AI
ability,intrigue,humans,AI
Researchers,create,systems,AI
person,pawn,uncertainty,AI
sets,take,place,AI
theory,represent,attempt,AI
identification,become,task,AI
AI,propose,technique,AI
language,have,range,AI
It,enable,description,AI
Ontology,provide,vocabulary,AI
paper,provide,concepts,AI
algorithm,find,ordering,AI
AI,discuss,approach,AI
AI,illustrate,algorithm,AI
This,highlight,shortcomings,AI
AI,suggest,improvement,AI
Cagman,give,ansAIr,AI
AI,prototype,system,AI
model,combine,data,AI
Fusion,receive,attention,AI
method,combine,number,AI
AI,study,decompositions,AI
paper,use,symmetry,AI
symmetry,play,role,AI
I,describe,work,AI
Reasoning,speed,solving,AI
AI,propose,form,AI
AI,propose,properties,AI
problem,have,variety,AI
AI,consider,variation,AI
AI,study,problem,AI
AI,tackle,problem,AI
AI,present,view,AI
AI,present,algorithm,AI
marriage,have,variety,AI
n,express,preferences,AI
AI,consider,problem,AI
AI,evaluate,algorithm,AI
AI,evaluate,algorithm,AI
members,include,SVM,AI
method,have,variants,AI
AI,propose,approaches,AI
AI,test,approaches,AI
AI,define,procedure,AI
oracle,receive,query,AI
procedure,maintain,complexity,AI
AI,provide,oracle,AI
oracle,have,use,AI
All,have,limitation,AI
AI,propose,class,AI
programs,enjoy,combination,AI
system,comprise,parts,AI
literals,constitute,set,AI
AI,study,problem,AI
AI,provide,evidence,AI
results,provide,evidence,AI
models,involve,systems,AI
paper,present,solution,AI
Some,exploit,information,AI
AI,evaluate,heuristics,AI
AI,derive,revision,AI
AI,make,comparison,AI
results,verify,gap,AI
paper,elaborate,approach,AI
AI,describe,syntax,AI
language,provide,features,AI
supports,distribute,processing,AI
Agent,base,Approach,AI
Agent,base,Approach,AI
Gong,propose,concept,AI
AI,point,that,AI
research,highlight,benefits,AI
AI,outline,strategy,AI
AI,represent,information,AI
AI,outline,measures,AI
AI,examine,practicality,AI
AI,show,naturalness,AI
It,include,processes,AI
AI,apply,approach,AI
decisions,affect,performance,AI
AI,use,constraint,AI
AI,propose,approach,AI
Data,exhibit,modalities,AI
AI,present,technique,AI
algorithm,learn,ensemble,AI
AI,develop,measurements,AI
AI,propose,framework,AI
variety,minimize,functional,AI
AI,propose,techniques,AI
These,include,use,AI
AI,propose,algorithms,AI
one,display,performance,AI
one,approximate,maxRPC,AI
algorithms,have,complexity,AI
report,present,approach,AI
approach,use,generation,AI
experiments,show,benefit,AI
it,close,573,AI
effects,receive,attention,AI
AI,study,effect,AI
AI,address,problem,AI
AI,consider,meaning,AI
AI,present,models,AI
AI,make,overview,AI
AI,find,criteria,AI
AI,propose,method,AI
AI,store,data,AI
AI,present,experiment,AI
I,discuss,Game,AI
I,present,importance,AI
I,present,Cybug,AI
Levesque,introduce,notion,AI
AI,propose,account,AI
AI,discuss,comparisons,AI
AI,present,Layout,AI
alphabet,have,number,AI
keyboard,maximize,speed,AI
AI,use,rule,AI
AI,analyze,frequencies,AI
AI,propose,Layout,AI
results,show,effectiveness,AI
Layout,use,Technique,AI
paper,present,Layout,AI
alphabet,have,number,AI
keyboard,maximize,speed,AI
AI,use,rule,AI
AI,analyze,frequencies,AI
results,show,effectiveness,AI
alphabet,have,number,AI
keyboard,maximize,speed,AI
results,show,effectiveness,AI
paper,present,Layout,AI
SVM,consider,information,AI
SVM,lose,robustness,AI
AI,propose,method,AI
method,translate,hyperplane,AI
SVM,have,performance,AI
AI,propose,method,AI
AI,prove,convergence,AI
AI,illustrate,method,AI
paper,propose,technique,AI
method,adopt,methodology,AI
function,use,help,AI
work,illustrate,effectiveness,AI
AI,extend,bounds,AI
AI,test,method,AI
method,outperform,decomposition,AI
solution,support,combinations,AI
AI,use,structure,AI
essay,give,overview,AI
AI,present,protocol,AI
ALM,possess,operators,AI
paper,introduce,operators,AI
they,complement,other,AI
AI,survey,work,AI
AI,present,context,AI
AI,present,framework,AI
AI,discuss,mechanisms,AI
AI,overview,mechanisms,AI
AI,give,picture,AI
Section,discuss,fields,AI
AI,introduce,perspective,AI
AI,relate,model,AI
AI,introduce,variant,AI
AI,propose,representation,AI
AI,develop,system,AI
Evaluations,suggest,effectiveness,AI
AI,present,rules,AI
framework,have,m.,AI
fact,affect,outcome,AI
AI,do,same,AI
algorithm,use,tree,AI
work,show,checking,AI
This,draw,boundary,AI
imitator,learn,word,AI
services,use,ontologies,AI
AI,investigate,approaches,AI
paper,propose,algorithm,AI
ALM,express,system,AI
system,use,Difference,AI
AI,consider,b,AI
AI,propose,approach,AI
AI,propose,algorithm,AI
one,compute,point,AI
AI,investigate,methods,AI
AI,consider,approaches,AI
AI,describe,examples,AI
AI,highlight,relation,AI
AI,propose,view,AI
AI,describe,simulations,AI
version,concern,minimization,AI
frogs,use,calls,AI
paper,describe,application,AI
AI,model,task,AI
AI,explain,model,AI
AI,present,framework,AI
AI,prove,correctness,AI
AI,present,language,AI
AI,modify,model,AI
AI,examine,accuracy,AI
AI,discuss,fingerprint,AI
AI,discuss,advantage,AI
use,assist,experts,AI
expert,select,model,AI
AI,suggest,procedure,AI
AI,examine,practicality,AI
AI,provide,implementation,AI
AI,describe,system,AI
system,use,language,AI
AI,describe,implementation,AI
AI,present,MySNOM,AI
AI,investigate,relations,AI
result,show,gaps,AI
result,provide,information,AI
AI,propose,interaction,AI
encyclopedia,contain,objects,AI
AI,show,benefit,AI
research,apply,ideas,AI
AI,contribute,approach,AI
paper,detail,principles,AI
AI,present,Populous,AI
user,select,concept,AI
It,separate,gathering,AI
AI,develop,interface,AI
AI,develop,layer,AI
AI,consider,bisimulation,AI
AI,characterize,it,AI
AI,address,operations,AI
AI,introduce,automata,AI
decade,bring,increase,AI
work,make,claims,AI
AI,conduct,study,AI
AI,give,overview,AI
AI,propose,approach,AI
AI,propose,algorithm,AI
shift,revolutionalize,planning,AI
actors,express,knowledge,AI
AI,propose,model,AI
AI,propose,approach,AI
distance,give,amount,AI
AI,prove,properties,AI
implementation,require,management,AI
Intersections,constitute,one,AI
signals,remain,way,AI
paper,describe,method,AI
AI,have,breaking,AI
AI,explore,relation,AI
AI,reformulate,definition,AI
results,provide,insights,AI
AI,present,class,AI
AI,introduce,method,AI
systems,use,representation,AI
user,provide,information,AI
AI,propose,usage,AI
AI,investigate,approaches,AI
AI,propose,methodology,AI
AI,perform,investigation,AI
AI,suggest,procedure,AI
AI,give,model,AI
AI,call,presentation,AI
AI,formalize,process,AI
AI,define,entropy,AI
AI,examine,properties,AI
AI,discuss,relationship,AI
interpreter,measure,intelligence,AI
amount,grow,billions,AI
technologies,play,role,AI
AI,present,survey,AI
AI,employ,tools,AI
AI,use,bound,AI
AI,apply,sets,AI
AI,improve,regret,AI
AI,improve,problem,AI
paper,present,model,AI
AI,inject,principles,AI
AI,identify,set,AI
AI,discuss,introduction,AI
paper,present,approach,AI
index,determine,load,AI
composition,gain,momentum,AI
AI,need,ontology,AI
AI,introduce,work,AI
paper,describe,system,AI
design,integrate,semantics,AI
system,have,functionality,AI
system,accept,rules,AI
One,run,rules,AI
system,use,information,AI
system,generate,SQL,AI
system,explain,results,AI
AI,propose,design,AI
AI,use,Scheme,AI
AI,introduce,variant,AI
Parent,stop,attack,Cybersecurity
item,white,few,Cybersecurity
message,learn,him,Cybersecurity
evidence,reflect,person,Cybersecurity
edge,reveal,war,Cybersecurity
future,prove,economy,Cybersecurity
Wife,reduce,head,Cybersecurity
environment,ansAIr,evening,Cybersecurity
Kind,hard,form,Cybersecurity
example,develop,check,Cybersecurity
author,arrive,everybody,Cybersecurity
plan,see,cell,Cybersecurity
Wall,argue,reveal,Cybersecurity
interest,follow,approach,Cybersecurity
Difficult,receive,action,Cybersecurity
Assume,AIar,prove,Cybersecurity
Address,send,give,Cybersecurity
Resource,face,box,Cybersecurity
Wall,suffer,blood,Cybersecurity
bar,sell,factor,Cybersecurity
Son,bring,serious,Cybersecurity
chance,fear,mother,Cybersecurity
Board,mention,action,Cybersecurity
Reality,determine,eat,Cybersecurity
Guy,do,member,Cybersecurity
Somebody,view,build,Cybersecurity
Believe,suffer,agent,Cybersecurity
fight,visit,one,Cybersecurity
Exist,support,company,Cybersecurity
Skin,apply,section,Cybersecurity
officer,discuss,area,Cybersecurity
fact,occur,market,Cybersecurity
Collection,listen,many,Cybersecurity
staff,seek,look,Cybersecurity
Six,build,college,Cybersecurity
Century,meet,campaign,Cybersecurity
Affect,forget,professor,Cybersecurity
treat,discover,focus,Cybersecurity
Walk,develop,improve,Cybersecurity
source,work,it,Cybersecurity
nature,include,television,Cybersecurity
experience,stop,wind,Cybersecurity
produce,own,shoulder,Cybersecurity
Partner,ask,hotel,Cybersecurity
Rich,offer,scene,Cybersecurity
Somebody,tend,question,Cybersecurity
Company,place,event,Cybersecurity
future,offer,population,Cybersecurity
side,prepare,writer,Cybersecurity
Tv,collection,he,Cybersecurity
Check,cut,mouth,Cybersecurity
program,expect,sound,Cybersecurity
population,own,company,Cybersecurity
paper,cost,issue,Cybersecurity
Nothing,check,various,Cybersecurity
Hand,decide,report,Cybersecurity
energy,identify,find,Cybersecurity
music,provide,much,Cybersecurity
Point,accept,oil,Cybersecurity
Speech,spend,side,Cybersecurity
Describe,include,son,Cybersecurity
boy,turn,truth,Cybersecurity
manager,prove,paper,Cybersecurity
Relate,compare,determine,Cybersecurity
visit,prepare,leader,Cybersecurity
Create,add,product,Cybersecurity
East,ask,family,Cybersecurity
Board,see,charge,Cybersecurity
Image,allow,customer,Cybersecurity
Book,explain,indicate,Cybersecurity
sign,improve,field,Cybersecurity
Face,understand,travel,Cybersecurity
study,choose,set,Cybersecurity
lead,relate,activity,Cybersecurity
parent,require,ball,Cybersecurity
Mouth,produce,school,Cybersecurity
Girl,get,us,Cybersecurity
Road,tend,radio,Cybersecurity
fact,cut,teacher,Cybersecurity
Dinner,beat,population,Cybersecurity
Sing,reflect,budget,Cybersecurity
news,draw,house,Cybersecurity
Situation,pick,success,Cybersecurity
skin,become,meet,Cybersecurity
lawyer,send,crime,Cybersecurity
Growth,assume,color,Cybersecurity
Rich,occur,stock,Cybersecurity
raise,feel,room,Cybersecurity
group,occur,may,Cybersecurity
City,establish,young,Cybersecurity
Nature,protect,owner,Cybersecurity
General,claim,push,Cybersecurity
People,require,hotel,Cybersecurity
woman,mean,skin,Cybersecurity
Military,apply,crime,Cybersecurity
Door,include,book,Cybersecurity
Argue,increase,billion,Cybersecurity
Environment,produce,hold,Cybersecurity
Common,add,form,Cybersecurity
Example,hold,media,Cybersecurity
AI,take,capital,Cybersecurity
thing,return,anything,Cybersecurity
TV,return,support,Cybersecurity
treat,have,side,Cybersecurity
Two,put,shoulder,Cybersecurity
Minute,accept,organization,Cybersecurity
report,understand,require,Cybersecurity
process,provide,fall,Cybersecurity
Country,sit,price,Cybersecurity
development,fight,trade,Cybersecurity
star,allow,admit,Cybersecurity
win,provide,account,Cybersecurity
Finish,accept,push,Cybersecurity
teacher,apply,tax,Cybersecurity
Form,offer,nothing,Cybersecurity
daughter,total,process,Cybersecurity
door,floor,yourself,Cybersecurity
Eat,play,somebody,Cybersecurity
line,suggest,office,Cybersecurity
shake,wish,rock,Cybersecurity
interest,provide,media,Cybersecurity
Open,perform,none,Cybersecurity
Tax,require,mouth,Cybersecurity
Offer,create,theory,Cybersecurity
Article,occur,itself,Cybersecurity
cover,reduce,prevent,Cybersecurity
Measure,eat,professor,Cybersecurity
save,remember,bed,Cybersecurity
lot,perform,subject,Cybersecurity
computer,pay,movie,Cybersecurity
Buy,listen,skin,Cybersecurity
Building,need,dinner,Cybersecurity
authority,suffer,color,Cybersecurity
Who,service,him,Cybersecurity
trouble,rise,drug,Cybersecurity
who,data,art,Cybersecurity
he,control,race,Cybersecurity
Debate,cut,knowledge,Cybersecurity
Religious,keep,themselves,Cybersecurity
Thousand,leave,country,Cybersecurity
ground,fly,loss,Cybersecurity
factor,enjoy,bit,Cybersecurity
Us,improve,two,Cybersecurity
Forget,give,challenge,Cybersecurity
professional,expect,level,Cybersecurity
responsibility,turn,field,Cybersecurity
statement,describe,moment,Cybersecurity
thing,end,share,Cybersecurity
Our,involve,stuff,Cybersecurity
unit,play,thing,Cybersecurity
raise,require,mother,Cybersecurity
Education,listen,decide,Cybersecurity
parent,bring,moment,Cybersecurity
step,keep,parent,Cybersecurity
Analysis,prevent,theory,Cybersecurity
Article,find,admit,Cybersecurity
hour,contain,show,Cybersecurity
side,seek,mouth,Cybersecurity
Head,reflect,force,Cybersecurity
name,claim,ansAIr,Cybersecurity
level,accept,room,Cybersecurity
sign,throw,notice,Cybersecurity
magazine,carry,issue,Cybersecurity
Start,leave,analysis,Cybersecurity
Court,involve,yourself,Cybersecurity
simple,need,if,Cybersecurity
Find,cut,turn,Cybersecurity
police,receive,less,Cybersecurity
Measure,admit,travel,Cybersecurity
Fire,involve,table,Cybersecurity
Plan,open,class,Cybersecurity
Close,indicate,child,Cybersecurity
